Resource Title,Resource URL,Author
Dreaming about Florida? A amall guide for those looking to relocate,https://www.indulgexpress.com/travel/2020/Feb/21/dreaming-about-florida-a-amall-guide-for-those-looking-to-relocate-22504.html,
15 Best Mobile Home Insurance Companies in 2023 | Full Step-by-step Guide in 2023 - Udzer,https://udzer.com/2023/03/30/15-best-mobile-home-insurance-companies-in-2023/,Muhammad Sajid
annoyance-arrangement-confinement-s1td ‚Äì My Blog,https://harborxs.com/annoyance-arrangement-confinement-s1td/,
Have you ever considered insuring your cartoon collection? - Cartoon District,http://www.cartoondistrict.com/have-you-ever-considered-insuring-your-cartoon-collection/,Stan Lee
Michael Nash's Portfolio,http://www.michaelenash.com/,
Looking To Retain Tenants? Here Is What To Do - Classic Home Jax,https://classichomejax.com/looking-to-retain-tenants-here-is-what-to-do/,
Make Sure Your Family Has a Healthy and Safe Home to Live in - Vitality Magazine,https://vitalitymagazine.com/make-sure-your-family-has-a-healthy-and-safe-home-to-live-in/,Vitality Magazine
The 350 Fintech Unicorns of the 21st Century (Year-End 2023) ‚Äî Fintech Labs,https://fintechlabs.com/115-fintech-unicorns-of-the-21st-century-changes-to-the-list-october-2020/,Jim Bruene
Marketing and Sales - StrategyDriven,https://www.strategydriven.com/tag/marketing-and-sales/page/19/,Kevin Shulman
DeLena Ciamacco: The Real Estate Expert,http://www.delenarealestateblog.com/search?updated-max=2022-11-04T13:11:00-07:00&max-results=7&reverse-paginate=true&start=56&by-date=false,DeLena Ciamacco
How to Determine the Right Homeowner Insurance For Your Family,https://careerwomaninc.com/how-to-determine-the-right-homeowner-insurance-for-your-family/,Lauren Sanchez
Running A Home Business ‚Äì Do You Need Insurance? - FinanceTwitter,http://www.financetwitter.com/2019/11/running-a-home-business-do-you-need-insurance.html,
Best Homeowners Insurance in Florida for March 2024 | Bankrate,https://www.bankrate.com/insurance/homeowners-insurance/florida/,
How Homeowners Insurance Protects Your Home - iStoryTime,https://www.istorytime.com/how-homeowners-insurance-protects-your-home/,
Can you use insurance money for something else?,https://www.carinsurance.com/kb/is-it-fraud-to-not-use-claim-money-for-car-repairs,Chris Kissell
A Quick Guide to Home Insurance Coverage,https://www.financecareservices.com/a-quick-guide-to-home-insurance-coverage,Mac Mendiz
Home Inspection | Melbourne FL | First Team Home Inspections,https://www.firstteaminspections.com/home-inspection,
20 Top Mobile Home Insurance Companies in 2023 | Full Step-by-step Guide in 2023 - Udzer,https://udzer.com/2023/03/30/20-top-mobile-home-insurance-companies-in-2023/,Muhammad Sajid
Why Home Insurance Is A Necessary Investment - BelleNews.com,https://bellenews.com/2019/11/18/business-news/finance/why-home-insurance-is-a-necessary-investment/,Clyde K. Valle
Top 10 Safest Florida Cities from Hurricanes - 2024 Guide - Imagup,https://www.imagup.com/top-10-safest-florida-cities-from-hurricanes/,Henrietta Milanovska
"All-Star Home Inspections USA, LLC",https://allstar-inspections.com/,
Understanding the Basics: What Does Homeowners Insurance Cover? - FinanceNInsurance,https://financeninsurance.com/understanding-the-basics-what-does-homeowners-insurance-cover/,Charlotte Miller
Insurtech startups are leveraging rapid growth to raise big money | TechCrunch,https://techcrunch.com/2021/04/20/insurtech-startups-are-leveraging-rapid-growth-to-raise-big-money/,Alex Wilhelm
Wind Mitigation Inspections | Melbourne FL | First Team Home Inspections,https://www.firstteaminspections.com/wind-mitigation-inspections,
StartUps ‚Äì Page 123 ‚Äì Ideaforge,http://www.ideaforge.co/blog/index.php/category/startups/page/123/,
Pandemic Boost: Healthcare Technology's Surge Due To COVID-19,https://www.healthcarebusinesstoday.com/healthcare-technology-pandemic-driven-improvements-for-the-industry/,
Top 50 Venture Capital Startup Investors in United States,https://shizune.co/investors/venture-capital-investors-united-states,
The Benefits of Homeowners Insurance | Newz Buff,https://newzbuff.com/the-benefits-of-homeowners-insurance/,
What is a Four Point Inspection in Florida? - HomeSpec,https://www.homespecfl.com/blog/what-is-a-four-point-inspection-in-florida/,Chris Budd
,https://unicornrank.com/companies/kin-com,
4 Tips to Get the Best Home Insurance Quote,https://sguru.org/get-best-home-insurance-quote/,Richard Brock
"Microsoft p≈ôedstavil KIN, nov√Ω Windows Phone pro p≈ô√≠znivce spoleƒçensk√Ωch s√≠t√≠ | Svƒõt mobilnƒõ",https://www.svetmobilne.cz/microsoft-predstavil-kin-novy-windows-phone-pro-priznivce-spolecenskych-siti/1836,Pavel Koza
Mandatory Repairs when Selling Your Home - The Tenpenny Collection,https://thetenpennycollection.com/mandatory-repairs-when-selling-your-home/,Rachel Sartain Tenpenny
South Coast confronts rising seas - The New Bedford Light,https://newbedfordlight.org/south-coast-towns-confront-rising-seas/,Adam Goldstein
Others FAQs Archives - Page 5 of 5 -,https://www.feedbacksurveyreview.com/others-faqs/page/5/,
24k FL Householders Are Shedding Their Protection - INSURANCEFORAL,https://insuranceforal.net/24k-fl-householders-are-shedding-their-protection/,
How Dog Breeds Drive Up Home Insurance Rates - Opptrends 2024,https://www.opptrends.com/how-dog-breeds-drive-up-home-insurance-rates/,Chester Mitchell
Top 50 Food and Beverage Startup Investors in Ireland,https://shizune.co/investors/food-and-beverage-investors-ireland,
Climate Sleuths & Property Insurance coverage Claims - INSURANCEFORAL,https://insuranceforal.net/climate-sleuths-property-insurance-coverage-claims/,
Insurance company ad campaigns for 2021 | The Zebra Newsroom,https://www.thezebra.com/resources/car-insurance/insurance-company-commercials/,
To Insure or Not to Insure: Insurance for a Home-Based Business ¬∑ The Wow Decor,https://thewowdecor.com/to-insure-or-not-to-insure-insurance-for-a-home-based-business/,
Insuring your home is a real investment and here‚Äôs why ‚Äì Investment Watch,https://www.investmentwatchblog.com/insuring-your-home-is-a-real-investment-and-heres-why/,
"Title Your Real Estate Career Should Enhance Your Life, Not Define It - StrategyDriven",https://www.strategydriven.com/2021/05/26/titleyour-real-estate-career-should-enhance-your-life-not-define-it/,
Designs Home - Page 29 of 120 - Home Improvement Signs,https://homeimprovementsigns.com/page/29/,
Tracker Radar Wiki - bidr.io,https://slayterdev.github.io/tracker-radar-wiki/domains/bidr.io.html,
How an Overall Strategy Helps to Maximize Your Financial Progress,https://michbelles.com/are-you-being-strategic-in-your-approach-to-financial-management/,Eden Anderson
Hurricane Season: How to Hurricane Proof Your Home - Design Swan,https://www.designswan.com/archives/hurricane-season-how-to-hurricane-proof-your-home.html,
"MyBea Stories, Data, Wiki and Company News | HackerNoon",https://hackernoon.com/company/mybea,
"Insibe Stories, Data, Wiki and Company News | HackerNoon",https://hackernoon.com/company/insibe,
How Will Local weather Change Have an effect on Your Residence? - INSURANCEFORAL,https://insuranceforal.net/how-will-local-weather-change-have-an-effect-on-your-residence/,
State News - Page 334,https://myrtlebeachsc.com/state-news/page/334/,
A Bad Report: 8 Red Flags to Look Out for in a Home Inspection,https://alphaliving.com/homeowner-resources/uncategorized/a-bad-report-8-red-flags-to-look-out-for-in-a-home-inspection,James White
Insurance Broker vs. Agent: Differences Explained | SmartFinancial,https://smartfinancial.com/difference-between-insurance-agent-and-broker,Dylan Tate
How To Make A Dark Room Brighter: Simple Ideas For Any Home ‚Äì Celebrity Homes,https://www.celebhomes.net/how-to-make-a-dark-room-brighter-simple-ideas-for-any-home/,
Getting the Best Homeowners Insurance in Florida - Culture Faith,https://www.culturefaith.com/world/getting-the-best-homeowners-insurance-in-florida/,
8 Ways to Turn a Home Into an Income-Producing Investment - ArtSHINE,https://artshine.com.au/2020/10/8-ways-to-turn-a-home-into-an-income-producing-investment.html,Vinh Van Lam
"financial losses Current News, Breaking News - BelleNews.com",https://bellenews.com/tag/financial-losses/,
Managing Director of Engineering on Why He Hires SDG Grads @ Suncoast Developers Guild,https://suncoast.io/blog/director-why-hire-sdg-grads/,
Florida Householders Insurance coverage Charges Going Up - INSURANCEFORAL,https://insuranceforal.net/florida-householders-insurance-coverage-charges-going-up/,
12 Smart Ways to Save on Home Insurance - SourceFed - All the News That Matters,https://sourcefed.com/12-smart-ways-to-save-on-home-insurance/,
Brisbane‚Äôs RedEye acquired by US-based Accruent - ARN,https://www2.arnnet.com.au/article/342838/microsoft_next_kin_no_cure_smartphone_fatigue/,
What Is Homeowners Insurance? - Damian Green News,https://damiangreen.org/what-is-homeowners-insurance/,Anna Morales
Homeowner Insurance: 6 Reasons Why You Should Buy One | Realty Today,https://www.realtytoday.com/articles/111218/20200320/homeowner-insurance-6-reasons-why-buy-one.htm,
Avoid large and unforeseen cleaning expenses - InsuranceInsights,https://insuranceinsights24by7.com/avoid-large-and-unforeseen-cleaning-expenses/,
"üöÄ AI's Edge & Chip Craze: Navigating Valuations, Startups vs. Big Tech Decisions ü§ñüí°",https://www.toptechnewsletter.com/p/ais-edge-and-chip-craze-navigating,Colin Late
Pool Insurance Requirements | Kinship Insurance - InsuranceInsights,https://insuranceinsights24by7.com/pool-insurance-requirements-kinship-insurance/,
7 cosas que no debes hacer para obtener un seguro para el hogar m√°s barato - Solo Dinero,https://solodinero.com/7-cosas-que-no-debes-hacer-para-obtener-un-seguro-para-el-hogar-mas-barato/,Consumer Reports
Adulting 101: 4 Essential Tips for Navigating Life‚Äôs Challenges,https://eleven-magazine.com/adulting-101-4-essential-tips-for-navigating-lifes-challenges/,
P√°gina: 22 ‚Äì INSURTECH.COM.BR,https://www.insurtech.com.br/author/redacao2/page/22/,
GROUP1001 Innovations | Group1001,https://www.group1001.com/innovations,
Force-Placed Insurance | SmartFinancial,https://smartfinancial.com/force-placed-insurance,Dylan Tate
How to choose your insurance model - by Alex Lazarow,https://99tech.alexlazarow.com/p/how-to-choose-your-insurance-model,Alex Lazarow
How Home Insurance Works and It‚Äôs Types - Otaku Oracle,https://otakuoracle.com/how-home-insurance-works-and-its-types/,
Twister Alley vs. Hurricane Alley - INSURANCEFORAL,https://insuranceforal.net/twister-alley-vs-hurricane-alley/,
Things to Keep in Mind When Buying a Home Insurance - CRAZY SPEED TECH,https://www.crazyspeedtech.com/things-keep-mind-buying-home-insurance/,
Tips to Effectively Sell Homes Online,https://techtiptrick.com/tips-to-effectively-sell-homes-online/,Jitendra Dabhi
Invest in Insurance Stocks to Diversify Your Portfolio - HowTheMarketWorks,https://www.howthemarketworks.com/invest-in-insurance-stocks-to-diversify-your-portfolio/,Bogdan Butoi
Reasons Insurance Companies Want You to Have a Smart Home - Chart Attack,https://www.chartattack.com/reasons-insurance-companies-want-you-to-have-a-smart-home/,Marela Bush
Exploring What a Homeowner's Insurance Policy Covers - Pink Is The New Blog,https://pinkisthenewblog.com/exploring-what-a-homeowners-insurance-policy-covers/,
Home insurance - List of Companies,https://www.1001firms.com/list-of-companies/all/home_insurance,
"Product Director, Data",https://jobgether.com/offer/65d60921af69414782cd6bbb-product-director-data,
Insider Tips and Tricks To Save Money On Your Homeowners Insurance,https://moneytreepodcast.com/homeowners-insurance-sean-harper/,Ben Graham
Florida Man Kin.com Insurance | Movie Prop Rentals,https://movieproprentals.net/where-would-florida-man-be-without-his-props/,Movie Prop Rentals
Adamok.Net: April 2010,https://www.adamok.net/2010/04/,
What does the insurance sector expect from budget 2020-21?,https://www.thehansindia.com/business/what-does-the-insurance-sector-expect-from-budget-2020-21-614018,
All About Homeowners Insurance Coverage with Heath Ritenour - Ideas Web Services,https://ideaswebservices.com/all-about-homeowners-insurance-coverage-with-heath-ritenour/,
Wind Mitigation ‚Äì GMF Inspections,https://gmfinspections.com/wind-mitigation/,
6 Suggestions for Low-Price Residence Insurance coverage - INSURANCEFORAL,https://insuranceforal.net/6-suggestions-for-low-price-residence-insurance-coverage/,
P√°gina: 23 ‚Äì INSURTECH.COM.BR,https://www.insurtech.com.br/author/redacao2/page/23/,
"Inputs-Outputs.org Cutting Costs: Pet Ownership Should Be Smart, Not Expensive - Inputs-Outputs.org",https://inputs-outputs.org/smart-pet-ownership-things-you-can-do-to-cut-costs/,Byron Palma
strategydriven - StrategyDriven,https://www.strategydriven.com/tag/strategydriven/page/427/,
business management - StrategyDriven,https://www.strategydriven.com/tag/business-management/page/228/,
5 Factors to Consider When Choosing a Home Insurance Company - NTK News,https://www.ntknetwork.com/5-factors-to-consider-when-choosing-a-home-insurance-company/,
Learn how to protect your home from strong winds with these useful tips -DesignBump,https://designbump.com/learn-how-to-protect-your-home-from-strong-winds-with-these-useful-tips/,
Which Insurtech Distribution Model Gets It Right? ‚Äì Supply Chain Council of European Union | Scceu.org,https://scceu.org/which-insurtech-distribution-model-gets-it-right/,
What to Consider When Choosing the Right Flood Insurance Plan - Enroute Editor,http://jeferadioaz.org/index-460.html,Sambit Barua
Premiums a Thriller to 40% of FL Owners - INSURANCEFORAL,https://insuranceforal.net/premiums-a-thriller-to-40-of-fl-owners/,
Additional Living Expenses (ALE) and What They're About - NYK Daily,https://nykdaily.com/2021/09/understanding-additional-living-expenses/,Colin Ingram
Florida Home Insurance: 6 Important Things to Know - Baltimore Post-Examiner,https://baltimorepostexaminer.com/florida-home-insurance-6-important-things-to-know/2019/11/25,Saif Abbas
Illinois' 25 Top-Performing Home Insurance Companies,https://www.inven.ai/company-lists/top-25-home-insurance-companies-in-illinois,
Owners: The way to Put together for Coronavirus - INSURANCEFORAL,https://insuranceforal.net/owners-the-way-to-put-together-for-coronavirus/,
Form the Right Study Habits to Become Effective in Life ¬´ Get Better Grades Now,https://www.getbettergradesnow.com/blog/form-the-right-study-habits-to-become-effective-in-life/,
Rental House owners: We‚Äôve Acquired You Lined - INSURANCEFORAL,https://insuranceforal.net/rental-house-owners-weve-acquired-you-lined/,
A Comprehensive Guide to Understanding Homeowners Insurance Rates - X World,https://xworld.org/business/a-comprehensive-guide-to-understanding-homeowners-insurance-rates/,
The Nuts and Bolts of Florida Wind Mitigation - INSURANCEFORAL,https://insuranceforal.net/the-nuts-and-bolts-of-florida-wind-mitigation/,
Top 50 Recruiting VC Funds in United States,https://shizune.co/investors/recruiting-vc-funds-united-states,
"JUSPAY Stories, Data, Wiki and Company News | HackerNoon",https://hackernoon.com/company/juspay,
"Laworatory Stories, Data, Wiki and Company News | HackerNoon",https://hackernoon.com/company/laworatory,
Kin.com Profile - List of Companies,https://www.1001firms.com/company/kin,
Services ‚Äì Black Widow Inspections,http://www.blackwidowinspections.com/services/,
5 Smart Money Moves for Homeowners - World Newswire,https://worldnewswire.net/2024/03/07/5-smart-money-moves-for-homeowners-2/,
What Is Home Insurance? - SkyPip,https://skypip.com/what-is-home-insurance/,Andrew Jack
Make a Catastrophe Preparedness Plan - INSURANCEFORAL,https://insuranceforal.net/make-a-catastrophe-preparedness-plan/,
Wayflyer - Ë∑®‰ªòKF,https://www.kuajinzhifu.com/sites/6747.html,
Things to consider before buying homeowners insurance - tastefulspace.com,https://www.tastefulspace.com/2020/02/05/things-to-consider-before-buying-homeowners-insurance/,
Feedback Survey Review,https://www.feedbacksurveyreview.com/page/45/,
Severe Weather Preparation Guide for Your Home and Backyard,https://hometone.com/severe-weather-preparation-guide-for-your-home-and-backyard.html,
Local weather Change Is Remodeling Residence Insurance coverage - INSURANCEFORAL,https://insuranceforal.net/local-weather-change-is-remodeling-residence-insurance-coverage/,
We Simply Raised $35M in Sequence B Funding - INSURANCEFORAL,https://insuranceforal.net/we-simply-raised-35m-in-sequence-b-funding/,
Market Map: 140 Real Estate Tech Companies Transforming the $32 Trillion Housing Market - Stay Healthy,https://brettseatonblog.weebly.com/blog/market-map-140-real-estate-tech-companies-transforming-the-32-trillion-housing-market,
DeSantis‚Äô Law Requiring Online Vendors to Charge Sales Tax Wasn‚Äôt a New Tax,https://www.factchecker.com/2023/05/18/desantis-law-requiring-online-vendors-to-charge-sales-tax-wasnt-a-new-tax/,
4 Ways to Stay Safe Before and During a Hurricane | Beyond The Net,https://beyondthenet.net/how-to-stay-safe-in-case-of-a-hurricane-warning/,Sarah Adams
Climate Impacts on U.S. Housing Security - HLRN,https://hlrn.org/activitydetails.php?title=Climate-Impacts-on-U.S.-Housing-Security&id=p29kaw==,
How Buying a Flood Insurance is Important for You? - News Watchers,https://newswatchers.net/buying-flood-insurance-important/,
Cadogu,https://www.cadogu.com/page/27,
Symphony - Ë∑®‰ªòKF,https://www.kuajinzhifu.com/sites/6870.html,
Homeowners Insurance in Naples Florida Archives - Superb Articles,https://www.superbarticles.org/tag/homeowners-insurance-in-naples-florida/,Almeda Almaguer
Cadogu ¬ª Blog Archive ¬ª Undertaking a house remodel,https://www.cadogu.com/undertaking-a-house-remodel,
Cujobay - Kin,https://www.cujobay.com/startups/kin,
What Matters This Week - 2.10.24,https://verticaltech.substack.com/p/what-matters-this-week-21024,Augusto Romero
"investment plan Current News, Breaking News - BelleNews.com",https://bellenews.com/tag/investment-plan/,
"homeowner insurance Current News, Breaking News - BelleNews.com",https://bellenews.com/tag/homeowner-insurance/,
Digital Gadgets Freak: PDA/Êê∫Â∏Ø „Ç´„ÉÜ„Ç¥„É™„Éº,http://www.dgfreak.com/blog/pda/125.html,
Not Just Mortgage: Other Homeownership Expenses to Think About,https://www.technected.com/not-just-mortgage-other-homeownership-expenses-to-think-about,
New to Homeownership? Here's what you must know | Realty Today,https://www.realtytoday.com/articles/111118/20191122/new-to-homeownership-heres-what-you-must-know.htm,
Ostatn√≠ telefony (8) | Svƒõt mobilnƒõ,https://www.svetmobilne.cz/telefony-ostatni/8,
"home insurance Current News, Breaking News - BelleNews.com",https://bellenews.com/tag/home-insurance/,
How to Choose the Best Homeowners Insurance in Florida,https://www.commentsyard.com/how-to-choose-the-best-homeowners-insurance-in-florida/,
Microsoft (8) | Svƒõt mobilnƒõ,https://www.svetmobilne.cz/microsoft/8,
"Diskuze: Microsoft p≈ôedstavil KIN, nov√Ω Windows Phone pro p≈ô√≠znivce spoleƒçensk√Ωch s√≠t√≠ | Svƒõt mobilnƒõ",https://www.svetmobilne.cz/microsoft-predstavil-kin-novy-windows-phone-pro-priznivce-spolecenskych-siti/1836/diskuze,
CouponRob - Coupons and Promo Codes from Stores You Love,https://www.couponrob.com/categories/office-professional-services?previous%5B%5D=clothing-shoes&previous%5B%5D=sports-outdoors&previous%5B%5D=travel,
How We Made Every Marketing Channel a Growth Driver,https://blog.propllr.com/how-we-made-every-marketing-channel-a-growth-driver,Josh Inglis
House Insurance coverage Premium | 11 Components to Know - INSURANCEFORAL,https://insuranceforal.net/house-insurance-coverage-premium-11-components-to-know/,
"Wind Mitigation | Blackwater Inspections, LLC | Crawfordville",https://www.blackwaterinspections.com/wind-mitigation,
Marketing & Sales - StrategyDriven,https://www.strategydriven.com/category/marketing-sales/page/38/,Kevin Shulman
G√§stebuch,http://weiler-vordereifel.de/gaestebuch/index.php?offset=206,
Insurance Companies Reviews 2024 - Reeview,https://www.reeview.co/sector/insurance?fe55db16_page=2,
Windows Mobile/Phone 7 (2) | Svƒõt mobilnƒõ,https://www.svetmobilne.cz/telefony-windows-mobile/2,
Does Dwelling Insurance coverage Cowl Water Injury? - INSURANCEFORAL,https://insuranceforal.net/does-dwelling-insurance-coverage-cowl-water-injury/,
What you need to consider when setting up a home office,https://buzzsharer.com/blog-post/what-to-consider-when-setting-up-a-home-office/,Hellen Love
5 Issues to Do After a Flood - INSURANCEFORAL,https://insuranceforal.net/5-issues-to-do-after-a-flood/,
Pavel Koza (3) | Svƒõt mobilnƒõ,https://www.svetmobilne.cz/pavel-koza/autor/3,
Top 50 Food and Beverage VC Funds in Ireland,https://shizune.co/investors/food-and-beverage-vc-funds-ireland,
Wildfires in Florida: How you can Defend Your House - INSURANCEFORAL,https://insuranceforal.net/wildfires-in-florida-how-you-can-defend-your-house/,
home insurance in florida,https://peoplesplacenames.com/mn69ln77/archive.php?id=home-insurance-in-florida,
universal property insurance phone number,http://blmce.ac.in/ka1off/universal-property-insurance-phone-number.html,
Homeowners Insurance Fort Myers FL Cover ‚Äì Protecting your Dream - Globle Weblist,https://globleweblist.com/homeowners-insurance-fort-myers-fl-cover-protecting-your-dream/,Louis Shea
Flood Insurance coverage Is for Everybody - INSURANCEFORAL,https://insuranceforal.net/flood-insurance-coverage-is-for-everybody/,
Why Is Dwelling Insurance coverage Costly in Florida? - INSURANCEFORAL,https://insuranceforal.net/why-is-dwelling-insurance-coverage-costly-in-florida/,
Homestead Your Florida Home ASAP! - Top Agent Team Florida,https://topagentflorida.com/homestead-your-florida-home/,
NiceStuff4all - Page 49 of 302 - info@nicestuff4all.com,https://nicestuff4all.com/page/49/,
"Hey, Florida: Test Your Flood Danger - INSURANCEFORAL",https://insuranceforal.net/hey-florida-test-your-flood-danger/,
Property Tax Exemptions Accessible in Florida - INSURANCEFORAL,https://insuranceforal.net/property-tax-exemptions-accessible-in-florida/,
How Much Homeowner's Insurance Is Enough? - Hi Boox,https://www.hiboox.com/how-much-homeowners-insurance-is-enough/,
Tracker Radar Wiki - redditstatic.com,https://slayterdev.github.io/tracker-radar-wiki/domains/redditstatic.com.html,
Starting a Home-Based Business May Be Your Best Idea Ever ‚Äì Ideas,http://lovelyday.info/index-314.html,Carrol Strain
Ways To Choose the Right Home Insurance Coverage for Your Needs - How Gem,https://howgem.com/ways-to-choose-the-right-home-insurance-coverage-for-your-needs/,
3 Merchandise That Scale back Residence Insurance coverage Prices - INSURANCEFORAL,https://insuranceforal.net/3-merchandise-that-scale-back-residence-insurance-coverage-prices/,
General Archives - Page 49 of 302 - NiceStuff4all,https://nicestuff4all.com/category/general/page/49/,
"Activate Capital Partners - Portfolio, Partners, Reviews, News | Parsers VC",https://parsers.vc/fund/activatecap.com/,
Understanding and Choosing Homeowners Insurance ‚Äì A Beginner‚Äôs Guide : Social Trends : News Every Day,https://www.newseveryday.com/articles/64436/20200320/understanding-choosing-homeowners-insurance-%E2%80%93-beginner-s-guide.htm,
How to Deal with Stress After a Natural Disaster : Science : News Every Day,https://www.newseveryday.com/articles/64412/20200221/deal-stress-natural-disaster.htm,
Leadership from Home: How to Be an Effective WFH Manager - Out the Radio,https://outthereradio.net/how-to-be-an-effective-wfh-manage/,Max Sparks
What Is a 4-Level Inspection? - INSURANCEFORAL,https://insuranceforal.net/what-is-a-4-level-inspection/,
15% of Householders Don‚Äôt Know What Their Insurance coverage Covers - INSURANCEFORAL,https://insuranceforal.net/15-of-householders-dont-know-what-their-insurance-coverage-covers/,
The right way to Spot Contractor Fraud - INSURANCEFORAL,https://insuranceforal.net/the-right-way-to-spot-contractor-fraud/,
What Is the Difference Between Condo and Home Insurance? - Magazine Exprees,https://magazineexprees.com/what-is-the-difference-between-condo-and-home-insurance/,Flavia Calina
Subdomain Finder scan of kin.co - C99.nl,https://subdomainfinder.c99.nl/scans/2024-02-03/kin.co,
Water damage and home insurance: what is covered? - InsuranceInsights,https://insuranceinsights24by7.com/water-damage-and-home-insurance-what-is-covered/,
The Claims Process: Navigating a Home Insurance Claim - Hi Boox,https://www.hiboox.com/the-claims-process-navigating-a-home-insurance-claim/,
Tips On Picking A Home Insurance Company,http://www.1shuo.net/home-insurance-company.html,
Protection for Florida Specialty Policyholders - INSURANCEFORAL,https://insuranceforal.net/protection-for-florida-specialty-policyholders/,
Dwelling Insurance coverage Costs: The place Are They Now? - INSURANCEFORAL,https://insuranceforal.net/dwelling-insurance-coverage-costs-the-place-are-they-now/,
Chicago Startups with Great Employee Benefits | CloserIQ,https://www.quotahero.com/blog/2019/09/chicago-startups-employee-benefits/,James Meincke
Top 10 Most Affordable Luxury Homes in Central Florida,https://activerain.com/blogsview/5432974/top-10-most-affordable-luxury-homes-in-central-florida,Saif Abbas
Chicago VC Fundraising Summary 2020 ‚Äî HirexHire,https://michael-durec.squarespace.com/hxh-blog/chicago-vc-fundraising-summary-2020,
Subdomain Finder scan of kin.com - C99.nl,https://subdomainfinder.c99.nl/scans/2024-02-02/kin.com,
"Senior Software Engineer, Front-End Focus | remotehey - remotehey",https://remotehey.com/jobs/kin-insurance-senior-software-engineer-front-end-focus-lmqgy-cc,
Things you should discuss with your home insurance agent | SHEmazing!,https://www.shemazing.net/things-you-should-discuss-with-your-home-insurance-agent/,
How can you make your home more Kid-friendly,https://www.littlekidsbusiness.com.au/blogs/new-for-parents/how-can-you-make-your-home-more-kid-friendly,Leisa Papa
Tech news ‚Äì Page 2327 ‚Äì Blancer.com Tutorials and projects,https://blancer.com/category/tech/page/2327/,
Why Is HO5 Better Than HO3? | Insurance Guide,https://www.insuranceguide.blog/why-is-ho5-better-than-ho3/,
"Condo Association Rules - The Good, The Bad And The Ugly",https://andrestmcuj.blogocial.com/condo-association-rules-the-good-the-bad-and-the-ugly-60950684,
Living in a disaster-prone area? Here's how to be prepared- Edexlive,https://www.edexlive.com/happening/2020/feb/24/living-in-a-disaster-prone-area-heres-how-to-be-prepared-10343.html,
Eurekster,https://p.eurekster.com/?id=&apdiv=Submit&search=Home%20Inspection%20Reports,
8 Simple Yet Very Practical Financial Tips For Young Adults,https://www.dadshustle.com/money-wise/,Greg Kononenko
Get The Home Insurance In Tallahassee Florida - Bizmark,https://bizmark.org/news/53616-get-the-home-insurance-in-tallahassee-florida,
fast and free insurance quotes today : start saving 2024,https://lawyerinformation.co/insurance-quotes-and-start-saving-now-2024/,
Best Home Insurance For Florida - Bizmark,https://bizmark.org/news/53503-best-home-insurance-for-florida,
Insurance Agent Directory - all 50 states,http://www.insuranceagencylinkdirectory.com/index.php?mode=step_1./,
Protecting Your Home and Health: How to Prevent Mold | Youth Health Magzine,https://www.youthhealthmag.com/articles/53494/20200212/protecting-home-health-prevent-mold.htm,
Essential Steps for Entrepreneurs Trying to Safeguard their Ideas,https://catalystforbusiness.com/steps-for-entrepreneurs-trying-to-safeguard-ideas/,Ryan Kh
Oct 19th Clearwater real estate news,https://www.livinginclearwater.info/blog/53284/Oct+19th+Clearwater+Real+Estate+News,
8 Extraordinary Security Tips to Surprise Burglars and Other Unwanted Guests - Awe.some,https://www.awe.sm/2019/11/25/8-extraordinary-security-tips-to-surprise-burglars-and-other-unwanted-guests/,
Building a Custom Home: Pros and Cons - News Strategies,https://www.newsstrategies.com/the-pros-and-cons-of-having-a-custom-home/,William Stevens
Can Your Business Withstand a Natural Disaster? - SiteProNews,https://www.sitepronews.com/2020/03/20/can-your-business-withstand-a-natural-disaster/,Cynthia Madison
Insurance Types to Consider for Your Small Business | Impermanence at Work,https://www.impermanenceatwork.org/insurance-101-types-of-coverage-your-small-business-needs/,
How you can decrease house insurance coverage prices in Florida ‚Äì Crypto4beginners,https://crypto4beginners.xyz/how-you-can-decrease-house-insurance-coverage-prices-in-florida/,
Practices for Professionals - StrategyDriven,https://www.strategydriven.com/category/practices-for-professionals/page/25/,David Geithner
Everything You Need to Know on Homeowners Insurance,https://apnewsday.com/everything-you-need-to-know-on-homeowners-insurance/,
Chart Attack - Best Magazine 2023 - Page 619,https://www.chartattack.com/page/619/?fbclid=IwAR3kSdf1W6aFxn-d-Z7gcCjfEqpQRzsI2sHk9fei-pSn3WXdvvxPpYMVOI8%25255C%252527,
Shipping Insurance: Is It Worth the Extra Cost? - Pop Polling,https://www.poppolling.com/shipping-insurance/,
Chart Attack - Best Magazine 2023 - Page 618,https://www.chartattack.com/page/618/?fbclid=IwAR3kSdf1W6aFxn-d-Z7gcCjfEqpQRzsI2sHk9fei-pSn3WXdvvxPpYMVOI8%255C%255C%255C%2527,
What Makes Integrity Important in a Business | Rothmobot,https://www.rothmobot.com/integrity-in-business-management/,
Sell Homes and Fulfill Dreams: Exploring New Paths - Zone Options,https://www.zoneoptions.com/getting-real-in-real-estate/,
Homeowners Insurance: Three Things to Watch Out for When Picking Your Buildings Insurance Policy - Prim Mart,https://primmart.com/homeowners-insurance-three-things-to-watch-out-for-when-picking-your-buildings-insurance-policy/,